layer,mse_p95,ip_p95,effective_dim,risk_score,rank
1,0.8,1.6,11.0,2.9999999999828937,1
3,0.55,0.9,21.0,1.5863136378634577,2
2,0.3,0.4,37.0,0.507834401930067,3
0,0.12,0.25,48.0,0.0,4
